{
  "cv_rmse_mean": 0.5308135478029905,
  "cv_rmse_std": 0.04807875912398417
}